,ED_ID,Name,Population,Visible,Unemployed,Not Labour Force,Density,Gini,Francophones,Certificate,Average Income,Age,Spending 30% or more of income on shelter costs,DGUID,FED
1,105,Thunder Bay--Atikokan,76324,3988.967464,3818.121779,25984.92411,3.492089495,38.63531859,1355.70919,24812.78437,99219.2699,43.57436906,3711.742847,NA,NA
2,88,Renfrew--Nipissing--Pembroke,107410,3204.911845,4602.642362,37303.68086,9.51363788,45.97974804,5221.4923,31793.41711,94389.00893,44.19900801,5742.195573,NA,NA
3,123,Kiiwetinoong,28991,689.9741638,994.6644318,9273.238244,0.114819793,14.14214824,299.8904901,5135.934678,94001.93534,33.16311171,596.2872799,NA,NA
4,44,Kenora--Rainy River,51856,939.4250098,2117.685319,17168.70239,1.424922532,31.24599387,740.1144781,14216.93605,97720.89517,43.68542707,1933.628028,NA,NA
5,103,Sudbury,84527,8830.991319,5013.25409,28332.68753,592.9864117,41.02886198,14684.0109,28119.72553,91113.86877,43.41404742,7684.137214,NA,NA
6,72,Nipissing,76507,2375.322478,4248.458086,27290.82944,10.94710314,39.1688266,9382.732857,25686.19893,92217.89152,44.36453456,5548.202567,NA,NA
7,108,Timmins,41145,1544.96024,1809.842125,12653.58961,13.89603742,21.54455649,13197.50509,12678.36199,100625.2849,41.76553797,2489.793068,NA,NA
8,106,Thunder Bay--Superior North,70775,4441.00032,3660.459356,25840.77039,1.02508321,41.25290492,2602.282416,22431.85833,92445.90835,44.16556987,3930.711332,NA,NA
9,124,Mushkegowuk--James Bay,25366,608.8426028,1149.899125,9581.984819,0.102429041,14.33646743,13049.7532,6963.902758,92175.1639,42.2974064,904.596325,NA,NA
10,71,Nickel Belt,85430,1635.316726,3900.824236,26738.26253,3.741302578,35.1928174,23413.41231,31113.37682,117342.5523,42.66549807,3493.053753,NA,NA
11,92,Sault Ste. Marie,72051,2902.269008,4316.315546,27230.35671,326.2034822,39.89239817,2057.63317,22891.82653,89653.09035,45.39332812,4466.939294,NA,NA
12,2,Algoma--Manitoulin,70504,870.7154936,3352.51684,30124.39826,0.879739666,39.42125618,6240.620751,18710.59517,83340.75029,47.34891617,3187.649357,NA,NA
13,107,Timiskaming--Cochrane,67158,1069.057948,2673.344131,25636.25378,1.852471583,38.02731014,20287.04372,18625.45251,87003.77732,45.43907416,3879.428853,NA,NA
14,84,Parry Sound--Muskoka,104509,2211.445827,5123.807517,39847.11588,8.536020002,52.43089186,1298.683014,29602.86085,100578.6739,48.89425981,7369.7806,NA,NA
15,65,Mississauga--Streetsville,127134,47790,8505,34070,2137.8,0.333,60,51250,135000,40.4,12175,2013A000435065,35065
16,25,Eglinton--Lawrence,126428,10190,6270,38110,50.9,0.303,30,38040,103500,42,8150,2013A000435025,35025
17,14,Bruce--Grey--Owen Sound,113348,4290,4885,40210,18.6,0.326,25,30340,93300,45.8,8360,2013A000435014,35014
18,70,Niagara West,89781,2950,4770,32155,6.8,0.322,440,29135,91400,44.7,7135,2013A000435070,35070
19,76,Orléans,139309,40420,6435,37940,676.8,0.27,3900,55780,138000,40.7,6890,2013A000435076,35076
20,109,Toronto Centre,105472,35810,7515,28420,5173.3,0.412,75,48350,130800,41.3,12405,2013A000435109,35109
21,36,Hamilton Centre,112028,24405,7400,38560,1665.3,0.304,100,34380,94500,43.1,10535,2013A000435036,35036
22,4,Barrie--Innisfil,120378,20175,7820,31675,364,0.293,65,40995,119300,39.7,10060,2013A000435004,35004
23,99,Simcoe--Grey,151784,14615,8340,48915,81.7,0.32,110,45690,115100,44.1,12510,2013A000435099,35099
24,34,Haldimand--Norfolk,122401,4150,6075,46525,15.7,0.318,15,34800,101500,47.6,9050,2013A000435034,35034
25,38,Hamilton Mountain,117565,30840,7125,37290,1163.8,0.368,40,44990,145200,42.9,9125,2013A000435038,35038
26,97,Scarborough--Rouge Park,102254,76755,7815,34430,1920.9,0.292,90,35315,121800,42.1,7480,2013A000435097,35097
27,120,York Centre,116757,67115,9385,39810,4707.7,0.312,135,34230,88700,41.2,12915,2013A000435120,35120
28,52,Leeds--Grenville--Thousand Islands and Rideau Lakes,138255,42145,9740,43985,2348.9,0.385,90,52610,91400,40.8,17720,2013A000435052,35052
29,62,Mississauga--Erin Mills,116908,94450,9835,34465,1203.8,0.295,80,43575,119600,39.2,9120,2013A000435062,35062
30,67,Newmarket--Aurora,146404,24235,14005,53460,288.3,0.321,60,44440,95300,45.6,12940,2013A000435067,35067
31,60,Mississauga Centre,123371,84720,9340,36520,3644.3,0.326,75,52145,134400,40.2,10805,2013A000435060,35060
32,42,Huron--Bruce,64261,1580,2465,21040,0.2,0.362,35,14800,95800,39.1,2450,2013A000435042,35042
33,45,King--Vaughan,113452,28260,6925,33100,2736.6,0.328,55,40375,92800,40.7,12505,2013A000435045,35045
34,74,Oakville,131067,28090,9920,44655,2160.5,0.297,140,40870,93500,42.1,14355,2013A000435074,35074
35,80,Ottawa--Vanier,124790,9260,6665,36095,55.6,0.292,25,35540,101400,41.8,8240,2013A000435080,35080
36,50,Lambton--Kent--Middlesex,104070,3175,5215,37570,31,0.308,65,32465,98000,46.9,7060,2013A000435050,35050
37,68,Niagara Centre,96946,6295,4670,29345,98.1,0.311,10,32990,125100,43.6,5765,2013A000435068,35068
38,7,Beaches--East York,109359,39220,7910,30805,6531.2,0.415,105,47370,130600,40.8,12400,2013A000435007,35007
39,100,Simcoe North,120656,4985,7275,44675,68.9,0.314,40,35510,95500,46.6,10220,2013A000435100,35100
40,55,London West,97510,84885,7610,36085,2336,0.341,25,30915,127400,43.2,8730,2013A000435055,35055
41,96,Scarborough North,94717,86680,7745,35440,3119.1,0.286,45,28785,1e+05,43.3,8750,2013A000435096,35096
42,98,Scarborough Southwest,111994,67560,9005,36945,3982,0.353,115,40520,102200,41.2,11290,2013A000435098,35098
43,24,Durham,115832,42260,7510,34350,5114.3,0.514,50,47630,176400,41.4,13025,2013A000435024,35024
44,18,Chatham-Kent--Leamington,105946,35215,8260,28660,8769.1,0.349,120,45940,107300,40.6,14085,2013A000435018,35018
45,41,Humber River--Black Creek,116651,34580,5760,30840,153.3,0.312,470,49820,147800,40.7,6180,2013A000435041,35041
46,48,Kitchener--Conestoga,111242,3560,4920,34255,22.6,0.309,20,33770,104600,43.4,5480,2013A000435048,35048
47,10,Brampton North,125141,94355,8780,34515,3768.6,0.27,65,42390,128200,38.5,9620,2013A000435010,35010
48,87,Pickering--Uxbridge,114180,76605,7980,39690,2866.9,0.394,40,49020,119900,44.2,16940,2013A000435087,35087
49,112,University--Rosedale,127235,42925,8225,36210,1750.9,0.375,50,51375,123400,39.1,11545,2013A000435112,35112
50,3,Aurora--Oak Ridges--Richmond Hill,118883,69640,8060,33450,1258.4,0.376,55,52190,158200,40.5,12285,2013A000435003,35003
51,30,Etobicoke North,125692,26385,6620,32850,141.8,0.304,65,45575,135400,39.5,7915,2013A000435030,35030
52,20,Don Valley East,113663,83875,8630,38375,4669.6,0.362,70,51600,103800,43,16605,2013A000435020,35020
53,86,Peterborough--Kawartha,107420,3440,4655,37300,9.5,0.297,230,31795,94300,44.2,6365,2013A000435086,35086
54,19,Davenport,95039,59525,7200,31950,4171.8,0.367,135,36055,100300,42.2,12725,2013A000435019,35019
55,101,Spadina--Fort York,136213,70400,9945,24380,10675.4,0.426,165,89305,118200,36.7,31930,2013A000435101,35101
56,6,Bay of Quinte,116016,7050,6030,43780,71.4,0.316,155,34010,93300,45.9,9410,2013A000435006,35006
57,63,Mississauga--Lakeshore,116864,68455,8675,31100,2511.6,0.301,110,49470,143800,40.3,7915,2013A000435063,35063
58,32,Glengarry--Prescott--Russell,143740,35940,8660,38410,1644.1,0.313,65,53340,111400,40.1,12905,2013A000435032,35032
59,93,Scarborough--Agincourt,104423,85345,8125,40950,4891.1,0.32,95,35810,93000,45,12700,2013A000435093,35093
60,114,Waterloo,138501,48325,9070,36350,944.1,0.306,110,52855,142400,39.5,9885,2013A000435114,35114
61,35,Haliburton--Kawartha Lakes--Brock,106439,27380,7630,34150,3520.4,0.34,105,36985,75700,40.1,15390,2013A000435035,35035
62,37,Hamilton East--Stoney Creek,107629,31945,7145,35965,3248,0.285,95,35145,97800,41.9,8345,2013A000435037,35037
63,13,Brantford--Brant,140139,18325,8160,42980,169,0.3,30,43085,100200,41.7,11115,2013A000435013,35013
64,23,Dufferin--Caledon,150235,38260,9460,40015,172.9,0.294,165,54415,128600,39,10845,2013A000435023,35023
65,73,Northumberland--Peterborough South,148936,64835,9260,34130,1707.5,0.347,85,68125,167800,38,11740,2013A000435073,35073
66,26,Elgin--Middlesex--London,134656,13800,8590,41025,122.8,0.317,65,45125,127200,42.4,5740,2013A000435026,35026
67,31,Flamborough--Glanbrook,116463,5540,4000,34210,40,0.293,9770,38275,108800,43.4,6755,2013A000435031,35031
68,69,Niagara Falls,94947,2095,4290,32020,3.6,0.296,1335,32850,108500,43.5,5270,2013A000435069,35069
69,115,Wellington--Halton Hills,118218,83215,8240,38860,5984.4,0.417,100,58980,106300,42.4,21175,2013A000435115,35115
70,95,Scarborough--Guildwood,103449,78525,8160,35505,3988.2,0.31,180,35495,92700,40.2,10145,2013A000435095,35095
71,29,Etobicoke--Lakeshore,116003,90135,9430,39350,2428.3,0.289,155,34890,95200,39.8,10760,2013A000435029,35029
72,28,Etobicoke Centre,141751,48675,9780,38510,3575.4,0.42,110,66095,127200,42.2,20630,2013A000435028,35028
73,22,Don Valley West,142838,35405,8525,36135,65.7,0.314,45,48685,141800,40.1,10310,2013A000435022,35022
74,81,Ottawa West--Nepean,106750,30445,8120,26930,7197.5,0.437,75,51645,127200,41.3,15340,2013A000435081,35081
75,89,Richmond Hill,114782,17760,8805,40720,2081.8,0.315,85,35955,86300,44.8,12180,2013A000435089,35089
76,51,Lanark--Frontenac--Kingston,127068,35090,9160,40070,1106.4,0.283,140,38730,85300,39.9,9445,2013A000435051,35051
77,53,London--Fanshawe,139305,36565,8675,43890,1801.6,0.341,90,52780,105700,41.3,13240,2013A000435053,35053
78,64,Mississauga--Malton,132769,53715,7425,33020,774,0.303,610,54820,137000,38.6,7360,2013A000435064,35064
79,5,Barrie--Springwater--Oro-Medonte,106871,12640,7075,31045,110.8,0.322,40,36725,114200,41.9,10385,2013A000435005,35005
80,118,Windsor--Tecumseh,108307,56405,8205,33770,3084,0.365,70,41485,107500,41.9,12610,2013A000435118,35118
81,83,Parkdale--High Park,113910,5420,4250,30265,31.8,0.298,25,29480,99900,41.5,7035,2013A000435083,35083
82,58,Markham--Unionville,127377,94650,9950,40705,5512.5,0.326,110,53810,103900,41,16120,2013A000435058,35058
83,110,Toronto--Danforth,106216,38440,8065,30145,7828,0.596,70,52425,174800,42.3,21400,2013A000435110,35110
84,56,Markham--Stouffville,128308,112370,8745,42030,1531.6,0.38,50,53515,132400,41.2,15200,2013A000435056,35056
85,79,Ottawa South,116409,39990,7375,37005,1763.7,0.356,1040,44320,105300,42.6,11820,2013A000435079,35079
86,90,St. Catharines,116953,39925,7470,31815,8914.8,0.557,95,57180,160400,43.5,21235,2013A000435090,35090
87,121,York--Simcoe,111593,86970,9465,39315,3645.5,0.285,80,29845,85700,39.4,10775,2013A000435121,35121
88,77,Oshawa,125090,54625,7865,39355,1713.2,0.355,2095,46190,109200,40.8,11015,2013A000435077,35077
89,11,Brampton South,132752,96590,9715,36970,2847,0.294,85,46605,113700,38.8,12800,2013A000435011,35011
90,61,Mississauga East--Cooksville,117095,40550,7670,35895,1947.7,0.428,100,45450,156400,43.1,12030,2013A000435061,35061
91,82,Oxford,104494,2555,5175,39850,8.5,0.356,10,29590,1e+05,48.9,8425,2013A000435082,35082
92,1,Ajax,126666,81560,9165,33930,1900.6,0.286,100,47615,134000,38.6,9725,2013A000435001,35001
93,9,Brampton East,131677,122475,9580,36765,1558.6,0.268,50,44500,146000,37.1,10185,2013A000435009,35009
94,94,Scarborough Centre,113104,83025,8820,38565,4021.6,0.294,135,39025,91500,41.3,12165,2013A000435094,35094
95,12,Brampton West,162353,140145,11355,38225,2801.8,0.258,155,61255,133200,34.7,13865,2013A000435012,35012
96,111,Toronto--St. Paul's,106810,36270,7345,32775,1341.9,0.336,35,37885,152600,42.6,7870,2013A000435111,35111
97,33,Guelph,116706,4830,5280,39620,41,0.293,25,32735,99700,44.3,7230,2013A000435033,35033
98,43,Kanata--Carleton,147695,63965,9560,37250,347.9,0.371,60,58730,170200,38.4,12610,2013A000435043,35043
99,91,Sarnia--Lambton,107077,6705,5700,39105,72.6,0.328,55,35285,103000,44.4,7070,2013A000435091,35091
100,85,Perth--Wellington,120742,52840,7890,34910,185.3,0.322,65,45990,142200,41.5,9605,2013A000435085,35085
101,57,Markham--Thornhill,136993,73030,8215,29900,306.2,0.31,105,55800,146200,35.5,10275,2013A000435057,35057
102,113,Vaughan--Woodbridge,127873,13430,6275,33495,85.7,0.331,20,45530,147400,42.1,7875,2013A000435113,35113
103,66,Nepean,119809,14100,8705,41865,397.1,0.303,150,36670,90100,43.2,10640,2013A000435066,35066
104,40,Hastings--Lennox and Addington,112929,3545,3835,36380,20.2,0.337,10,32725,106700,44.3,6520,2013A000435040,35040
105,78,Ottawa Centre,118806,39600,7730,38835,3031.5,0.403,4525,45355,99300,42.2,14810,2013A000435078,35078
106,46,Kingston and the Islands,107134,21625,4700,26100,119.5,0.305,30,36530,128800,38.8,5160,2013A000435046,35046
107,117,Willowdale,130162,53125,11245,46765,1677.4,0.339,210,40635,86400,40.3,11580,2013A000435117,35117
108,102,Stormont--Dundas--South Glengarry,104493,5960,4745,36420,39.2,0.308,845,29530,88500,44.7,7470,2013A000435102,35102
109,8,Brampton Centre,104557,70285,7975,30310,2396.9,0.266,90,34285,104100,39.3,9885,2013A000435008,35008
110,15,Burlington,125435,20555,7135,39445,1651.3,0.358,60,47345,130000,45.1,12700,2013A000435015,35015
111,75,Oakville North--Burlington,126360,29385,7585,33120,3896,0.427,925,61405,127100,41.1,16635,2013A000435075,35075
112,21,Don Valley North,101959,47415,6345,31175,3386,0.587,60,44420,224800,41.4,12320,2013A000435021,35021
113,17,Carleton,113654,11660,5720,38895,55.7,0.312,60,28690,91800,43.7,7450,2013A000435017,35017
114,116,Whitby,122798,25485,10455,44075,753.3,0.319,205,37525,94300,43.2,9260,2013A000435116,35116
115,119,Windsor West,124458,28470,7600,32210,157.4,0.3,50,42085,124600,39.9,10690,2013A000435119,35119
116,27,Essex,118483,37205,7830,38625,3198.3,0.414,75,45285,146600,44.5,11520,2013A000435027,35027
117,39,Hamilton West--Ancaster--Dundas,100636,3175,4695,37110,12.2,0.303,55,28900,94300,45.8,6315,2013A000435039,35039
118,54,London North Centre,135944,85470,7865,38970,481.8,0.33,50,52220,142200,40.5,11835,2013A000435054,35054
119,47,Kitchener Centre,119851,40220,7085,30585,1149.8,0.311,50,43115,114700,38,9475,2013A000435047,35047
120,49,Kitchener South--Hespeler,111424,3180,4925,38030,17.5,0.312,60,35695,106100,45.8,7190,2013A000435049,35049
121,16,Cambridge,121301,26050,7315,34685,348.6,0.306,70,38460,108000,40.6,9580,2013A000435016,35016
122,59,Milton,116346,58640,8450,38995,3633.1,0.311,65,41465,104000,42.9,12170,2013A000435059,35059
123,104,Thornhill,115292,48890,8215,35705,1839.8,0.383,65,48735,139000,43.1,13955,2013A000435104,35104