article_id,section,date,origin,title,topic,potential_merge,actor,actor_party_bucket,sentiment_score,ascribing,public_reaction,other_actors,other_observations,example_quote,quote_is_direct,topic_certainty,actor_certainty,sentiment_certainty,ascribing_certainty,public_certainty,row_id
2914136645,News,2024-01-16,Globe and Mail,When will Doug Ford rein in Ontario's foreign-student industry?,post_secondary;immigration;housing,,Doug Ford / Ontario government,PC,-0.6,author,,Federal Immigration Minister Marc Miller,Author criticizes Ford's government for inaction on foreign-student growth despite federal warnings of a possible cap; also blames the federal government for slow action but assigns primary blame to Ontario.,"Yet there's been no word from Ontario Premier Doug Ford on whether he has any plans to fix the problem. So far, his government has done almost nothing.",FALSE,85,95,88,90,,r000
3071391372,Canada / World,2024-06-24,Hamilton Spectator,Community rallies for Science Centre:   Facility's fate has now become a political issue,public_infrastructure,municipal_powers,Ontario government/Ford (PC),PC,-0.7,public (rally attendees/parents),Community rally in a west-Toronto park; parents and children chanted 'Save our science centre'; parent quote calling the closure 'extremely unnecessary and cruel',NDP Leader Marit Stiles; Liberal Leader Bonnie Crombie; Katarina Gligorijevic; Colin Geddes,Science Centre closure was framed by the province as safety-driven (roof risk) but criticized by the community as abrupt; building faces $369 million in maintenance needs over 20 years.,The abruptness of the closure felt extremely unnecessary and cruel,TRUE,75,90,85,85,90,r001
3071391372,Canada / World,2024-06-24,Hamilton Spectator,Community rallies for Science Centre:   Facility's fate has now become a political issue,public_infrastructure,municipal_powers,Ontario government/Ford (PC),PC,-0.6,NDP (Marit Stiles),,Bonnie Crombie; rally attendees,Stiles joined the rally and urged the government to reverse the closure decision.,Both NDP Leader Marit Stiles and Liberal Leader Bonnie Crombie urged the Progressive Conservative government to reverse its decision to move the centre and instead repair the existing facility.,FALSE,75,90,80,85,,r002
3071391372,Canada / World,2024-06-24,Hamilton Spectator,Community rallies for Science Centre:   Facility's fate has now become a political issue,public_infrastructure,municipal_powers,Ontario government/Ford (PC),PC,-0.6,Liberal (Bonnie Crombie),,Marit Stiles; rally attendees,Crombie joined the NDP in calling for the closure decision to be reversed.,Both NDP Leader Marit Stiles and Liberal Leader Bonnie Crombie urged the Progressive Conservative government to reverse its decision to move the centre and instead repair the existing facility.,FALSE,75,90,80,85,,r003
3064715152,politics/provincial,2024-06-04,Toronto Star,Opposition parties say they're ready if Doug Ford calls a snap election,election_timing,,Doug Ford / PC government,PC,-0.6,NDP (Marit Stiles),,,Stiles criticizes the possibility of a Ford snap election.,"If he thinks that an early election is going to help him, he's wrong",TRUE,80,95,85,95,,r004
3064715152,politics/provincial,2024-06-04,Toronto Star,Opposition parties say they're ready if Doug Ford calls a snap election,alcohol_sales,taxes,Doug Ford / PC government,PC,-0.6,Liberal (Bonnie Crombie),,,Crombie ties the alcohol deal's cost to her own tax-cut proposal.,This billion-dollar booze boondoggle will pay for two years of this tax.,TRUE,85,95,85,95,,r005
3064715152,politics/provincial,2024-06-04,Toronto Star,Opposition parties say they're ready if Doug Ford calls a snap election,alcohol_sales;election_timing,taxes,Doug Ford / PC government,PC,-0.5,Green (Mike Schreiner),,,Schreiner predicts the alcohol deal spending will politically backfire on Ford ahead of a possible early election.,spending a billion dollars on booze to facilitate an early election is going to backfire on the premier,TRUE,80,95,80,95,,r006
3064715152,politics/provincial,2024-06-04,Toronto Star,Opposition parties say they're ready if Doug Ford calls a snap election,alcohol_sales;election_timing,taxes,Doug Ford / PC government,PC,-0.3,author,,,"Article describes the accelerated Beer Store deal as controversial, with critics warning of costs up to $1 billion, ahead of a possible snap election call.",in a controversial deal critics warn could actually cost as much as $1 billion,FALSE,75,90,70,85,,r007
3064715152,politics/provincial,2024-06-04,Toronto Star,Opposition parties say they're ready if Doug Ford calls a snap election,election_timing,,Marit Stiles / NDP,NDP,0.5,self (Stiles),,,Stiles projects confidence in NDP election readiness.,We're already rolling up our sleeves,TRUE,75,95,80,95,,r008
3064715152,politics/provincial,2024-06-04,Toronto Star,Opposition parties say they're ready if Doug Ford calls a snap election,taxes;election_timing,,Bonnie Crombie / Liberal,Liberal,0.4,self (Crombie),"Liberals trail Ford's Tories in every public-opinion poll, with the NDP in third place",,Crombie promotes her small-business tax-cut proposal while acknowledging the Liberals trail in polls.,"You heard that correct, Liberals are tax-cutters",TRUE,80,95,75,90,90,r009
3064715152,politics/provincial,2024-06-04,Toronto Star,Opposition parties say they're ready if Doug Ford calls a snap election,election_timing,,Mike Schreiner / Green,Green,0.4,self (Schreiner),,,Schreiner says the Greens are recruiting candidates and assembling an election team.,We'll be ready. We're already starting to work on recruiting candidates and ... we're putting our election team together,TRUE,75,95,75,95,,r010
3047409433,Letters,2024-04-27,National Post,Uphold ban on keffiyeh,legislature_conduct,,Marit Stiles / NDP,NDP,-0.5,author (letter writer),,Speaker Ted Arnott; Doug Ford,"Letter writer accuses Stiles of inconsistency, arguing her cultural-significance objection implies non-Arab keffiyeh wearers are guilty of cultural appropriation.","Marit Stiles, the leader of the Ontario NDP, objects on the grounds that the keffiyeh is a culturally significant clothing item for Arabs and Muslims.",FALSE,70,90,75,90,,r011
3047409433,Letters,2024-04-27,National Post,Uphold ban on keffiyeh,legislature_conduct,,Doug Ford / PC,PC,-0.4,author (letter writer),,Speaker Ted Arnott; Marit Stiles,"Letter writer accuses Ford, along with Stiles, of 'playing their own political games' by objecting to the keffiyeh ban.","There is little doubt that those who object to Arnott's decision, including Premier Doug Ford, are playing their own political games.",FALSE,70,90,75,90,,r012
3047409433,Letters,2024-04-27,National Post,Uphold ban on keffiyeh,legislature_conduct,,Speaker Ted Arnott,other,0.6,author (letter writer),,Marit Stiles; Doug Ford,Letter writer supports the Speaker's decision to ban the keffiyeh from the Legislature as consistent with existing rules.,Speaker Ted Arnott is right to have banned the keffiyeh from the Ontario Legislature in keeping with its already existing rules.,FALSE,70,90,80,90,,r013
3039702807,News,2024-04-17,Toronto Star,Chow disappointed by lack of funds for subway cars,public_transit,,Doug Ford / PC government,PC,-0.2,author,,Olivia Chow; TTC CEO Rick Leary,"Ford's province committed $750 million toward new subway cars, but only if the federal government matches it; Chow said she failed to talk the province out of that condition.",Chow said she failed to talk the province out of that condition.,FALSE,85,90,60,80,,r014
3039702807,News,2024-04-17,Toronto Star,Chow disappointed by lack of funds for subway cars,public_transit,,Justin Trudeau / federal government,federal,-0.3,Olivia Chow / author,,TTC CEO Rick Leary,Chow was disappointed the federal budget left out her top request of $750 million for subway car replacement funding.,was clearly disappointed that Prime Minister Justin Trudeau's government left out her top request - the subway car money,FALSE,85,90,75,80,,r015
3039702807,News,2024-04-17,Toronto Star,Chow disappointed by lack of funds for subway cars,housing,,Justin Trudeau / federal government,federal,0.4,Olivia Chow / author,,,Chow praised federal budget housing initiatives aimed at spurring new construction and addressing homelessness.,Chow also praised several housing initiatives in the federal budget she said will help Toronto spur new housing construction while helping alleviate the homelessness crisis,FALSE,80,85,75,75,,r016
3043320607,National,2024-04-22,Globe and Mail,Evening Update: Ottawa and Ontario set to announce multibillion-dollar Honda EV deal:   Premier Doug Ford said the investment will surpass other electric-vehicle deals such as with Volkswagen and Stellantis,economic_development,tariffs_trade,Doug Ford / PC government,PC,0.6,self (Ford),,Honda Motor Co.,Ford touts the Honda EV investment as exceeding prior deals with Volkswagen and Stellantis; deal to be jointly announced with the federal government.,Ontario Premier Doug Ford said the size of the investment will surpass other electric-vehicle deals in the province.,FALSE,70,95,80,85,,r017
2973827218,News,2024-03-25,Globe and Mail,"Ontario budget to target municipalities: Ford:   Premier says province's fiscal blueprint will take balanced approach, but it's not expected to eliminate the deficit",municipal_powers;housing;taxes,,Doug Ford / PC government,PC,0.3,self (Ford),,,"Ford frames the upcoming budget as balanced, including new spending and support for Ontario's 444 municipalities to meet housing targets.","It's going to be a very balanced budget, per se",TRUE,75,95,70,90,,r018
2973827218,News,2024-03-25,Globe and Mail,"Ontario budget to target municipalities: Ford:   Premier says province's fiscal blueprint will take balanced approach, but it's not expected to eliminate the deficit",taxes,,Doug Ford / PC government,PC,-0.2,author,,,"Article notes the budget is not expected to eliminate the deficit despite the government's balanced-approach framing, amid growing economic uncertainty.","the document is not actually expected to eliminate deficit spending in the coming fiscal year, as the province faces growing economic uncertainty",FALSE,70,90,65,85,,r019
3034973388,News,2024-04-10,Toronto Star,"Key figures yet to be questioned:   Six months into probe, RCMP has yet to contact former housing minister",corruption_scandal,housing,Doug Ford / PC government,PC,-0.4,author,,Steve Clark; Kaleed Rasheed; Ryan Amato; Jae Truesdell,RCMP investigating Greenbelt land swap scandal; two cabinet ministers and two aides resigned,the cloud of a criminal investigation has loomed over Premier Doug Ford's government since Oct. 10,FALSE,80,90,75,80,,r020
3034973388,News,2024-04-10,Toronto Star,"Key figures yet to be questioned:   Six months into probe, RCMP has yet to contact former housing minister",corruption_scandal,housing,Doug Ford,PC,0.3,self (Ford),,,Ford's Sept 21 apology and reversal of Greenbelt swap,"I'm very, very sorry. I made a promise to you that I wouldn't touch the Greenbelt. I broke that promise",TRUE,75,90,65,85,,r021
3034973388,News,2024-04-10,Toronto Star,"Key figures yet to be questioned:   Six months into probe, RCMP has yet to contact former housing minister",public_opinion_polling,,PC Party / Ford government,PC,0.5,"pollster (David Coletto, Abacus Data)","Abacus Data tracking poll: PC 41%, Liberal 27%, NDP 21%, Green 7%, following Ford's apology and Greenbelt reversal",Bonnie Crombie; Marit Stiles; Mike Schreiner,"Poll shows Tories recovered from summer tailspin (41% July to 34% Sept, back to 41%)",the premier's Sept. 21 cancellation of the Greenbelt land swap and his public apology for the fiasco boosted the party's standing,FALSE,70,85,70,80,85,r022
3059825139,Opinion,2024-05-24,Ottawa Citizen,"Today's letters: Yes, Ontario Health Minister Sylvia Jones should resign",health_care,,Sylvia Jones (Health Minister),PC,-0.7,public (letter writer),Published citizen letter to editor calling for the health minister's resignation,,Letter to editor headline calls for Jones's resignation; body text very brief/truncated,The health minister just doesn't get it,TRUE,85,90,80,85,80,r023
3129922446,politics/provincial,2024-11-18,Hamilton Spectator,Ford government moves to shut 'loophole' for supervised drug consumption sites,harm_reduction_drug_policy;crime,health_care,Sylvia Jones / Ford government,PC,0.3,self (Jones),,Michael Kerzner (Solicitor General),"New legislation (Safer Streets, Stronger Communities Act) closes loophole for safe consumption sites, adds auto theft and sex offender registry penalties",We are shutting down that loophole. We don't want them bypassing and getting federal approval for something that we vehemently disagree with.,TRUE,80,90,65,85,,r024
3129922446,politics/provincial,2024-11-18,Hamilton Spectator,Ford government moves to shut 'loophole' for supervised drug consumption sites,harm_reduction_drug_policy,health_care,Ford government / Sylvia Jones policy,PC,-0.75,"harm reduction advocates (Zoe Dodd, Toronto Overdose Prevention Society)",Activists held a news conference at Queen's Park opposing the closure of safe consumption sites,,Dodd predicts closures will overwhelm ambulance services and lead to deaths; waiting lists for addiction treatment are months long,That is an overreach of power,TRUE,85,85,80,85,75,r025
3102454046,politics/political-opinion,2024-09-10,Toronto Star,Doug Ford's beer boondoggle is nothing to brag about,alcohol_retail;housing;public_transit,taxes,Doug Ford / PC government,PC,-0.6,author (columnist),,"The Beer Store; Kathleen Wynne (former Liberal premier, historical comparison)",Author frames beer-in-corner-stores deal as costly and overhyped; compares to Greenbelt reversal and stalled highway/Metrolinx projects as evidence Ford hasn't 'gotten much else done',"Get it done? The Greenbelt has come undone, highway construction is off track, and Metrolinx mass transit is derailed or delayed.",FALSE,75,90,85,90,,r026
3109935396,opinion/contributors,2024-09-26,Toronto Star,"When Doug Ford gets a big idea in his head, the only thing that can stop him is pretty much anything at all",roads_highways (Hwy 401 tunnel/congestion),,Doug Ford,PC,-0.2,author,,,"Article (per headline) frames Ford's 55km Hwy 401 tunnel announcement (Mississauga to Scarborough, including transit) with mild sarcasm about follow-through; available text is largely descriptive/truncated [crosscheck: revised per Opus review]","It is, in a word, ambitious.",FALSE,65,85,58,60,,r027
2968932423,opinion/letters-to-the-editor,2024-03-20,Hamilton Spectator,"March 20: Ford putting environment at risk, street changes will bring more collisions and other letters",environment,,Doug Ford / government,PC,-0.7,public (letter writer),Published citizen letter to editor stating the province is putting the environment/future at risk,,Headline references a second letter on street changes/collisions (likely bike-lane related) not included in available text,Our future is being put at risk,TRUE,55,60,70,80,80,r028
3134182555,Canada,2024-11-29,National Post,Ford shows leadership on tariff fight,tariffs_trade,,Doug Ford,PC,0.8,author (editorial),,Donald Trump; Justin Trudeau,"Editorial praises Ford's quick, forceful response to Trump's 25% tariff threat; contrasts favourably with Trudeau",Ford's quick response to the tariff threat struck the right balance between emotion and action.,FALSE,90,90,85,85,,r029
3134182555,Canada,2024-11-29,National Post,Ford shows leadership on tariff fight,tariffs_trade,,Justin Trudeau,Other,-0.6,author (editorial),,Donald Trump; Doug Ford,"Trudeau's response contrasted unfavourably with Ford's, described as lacking emotion or action",Trudeau's response was lacking either emotion or action.,FALSE,90,90,80,85,,r030
3168996870,Local / News,2025-02-21,Hamilton Spectator,"Hamilton Mountain race heating up:   Candidates trade 'personal' jabs, bring in well-known faces to campaign",crime,,Kojo Damptey (NDP candidate),NDP,-0.6,Dawn Danko (Liberal candidate),,,"Danko labelled Damptey the 'defund the police' candidate and criticized his encampment activism, part of a personal social-media exchange",defund the police,TRUE,80,90,75,85,,r031
3168996870,Local / News,2025-02-21,Hamilton Spectator,"Hamilton Mountain race heating up:   Candidates trade 'personal' jabs, bring in well-known faces to campaign",housing,,Dawn Danko (Liberal candidate),Liberal,-0.6,Ontario NDP (campaign media release),,Sergio Manchia; Angela Manchia,"NDP release accused Danko of being 'in the pocket' of would-be Greenbelt developers, citing $250 donations to her school-board trustee campaign",in the pocket,TRUE,80,90,75,85,,r032
3168996870,Local / News,2025-02-21,Hamilton Spectator,"Hamilton Mountain race heating up:   Candidates trade 'personal' jabs, bring in well-known faces to campaign",education,,Dawn Danko (Liberal candidate),Liberal,-0.4,author (via political scientist Chris Erl's analysis),,,"Erl suggests Liberals may be trying to shy away from Danko's record on the Hamilton public school board, mired in code-of-conduct probes",which has been mired in code of conduct probes in recent years,FALSE,70,80,60,65,,r033
3168996870,Local / News,2025-02-21,Hamilton Spectator,"Hamilton Mountain race heating up:   Candidates trade 'personal' jabs, bring in well-known faces to campaign",housing,,Sergio Manchia (developer),Other,-0.3,author,,,Manchia named in a provincial watchdog report as a developer who stood to benefit from the Ford government's cancelled Greenbelt plan; he says his lobbying followed the rules and 'was no secret',no secret,TRUE,75,80,55,60,,r034
3076428079,Columnists,2024-07-06,Toronto Sun,LILLEY: LCBO strike all about political ambitions of union leaders,alcohol_retail,,OPSEU / union leaders (JP Hornick),Other,-0.6,author (columnist),,,Column frames the LCBO strike as driven by union leaders' political ambitions rather than genuine job-loss concerns over ready-to-drink products,convinced by their union bosses that allowing the spirit-based versions of these drinks to be sold anywhere but the LCBO will result in thousands of jobs being lost,FALSE,80,85,75,85,,r035
3076428079,Columnists,2024-07-06,Toronto Sun,LILLEY: LCBO strike all about political ambitions of union leaders,alcohol_retail,,Doug Ford / government,PC,0.3,author (columnist),,,Author credits Ford's alcohol-liberalization policy with steadily rising LCBO dividend revenue to the province,the LCBO and the revenue it provides to the government has only increased,FALSE,80,85,65,80,,r036
2927876471,politics/provincial,2024-02-16,Toronto Star,Ford government wants to fast-track construction projects but critics warn Greenbelt shows it can't be trusted,housing;environment,,Andrea Khanjin / Ford government,PC,0.4,self (Khanjin),,,"New omnibus legislation streamlines environmental assessments for highways, railways and transmission lines (e.g. Hwy 413, Bradford Bypass), cutting up to 4 years off timelines","We've consulted extensively with municipalities, Indigenous communities and key stakeholders on proposals to move more projects to a streamlined environmental process",TRUE,80,90,70,85,,r037
2927876471,politics/provincial,2024-02-16,Toronto Star,Ford government wants to fast-track construction projects but critics warn Greenbelt shows it can't be trusted,environment;housing,,Ford government,PC,-0.75,NDP MPP Sandy Shaw; Environmental Defence (Phil Pothen),,,Both critics invoke the Greenbelt scandal as evidence the government cannot be trusted to streamline environmental review without harming the environment,The premier and his government have learned nothing from their Greenbelt scheme and keep pushing ahead with policies that they know are harmful,TRUE,80,85,80,75,,r038
2927876471,politics/provincial,2024-02-16,Toronto Star,Ford government wants to fast-track construction projects but critics warn Greenbelt shows it can't be trusted,housing;municipal_powers,,Ford government policy,PC,0.5,"Colin Best (AMO president, Halton regional councillor)",,,"Best, representing municipalities, calls the streamlined process a 'critical enabler' for building housing-related infrastructure","modernized environmental assessment processes are a critical enabler for housing, streamlining processes for municipalities to help them build infrastructure like roads, sewers, and water systems more quickly",TRUE,75,85,75,85,,r039
2972743194,opinion/contributors,2024-03-21,Hamilton Spectator,Ford government continues 'party' with taxpayer money,taxes;post_secondary,,Doug Ford / Ford government,PC,-0.7,author,,"Dalton McGuinty; Kathleen Wynne (former Liberal premiers, historical comparison)",Author argues Ford government spending (% of GDP) exceeds that of prior Liberal governments despite 2018 'party is over' promise; cites post-secondary funding and corporate welfare grants as areas for cuts,"if the Ford government spent at the same level (relative to GDP) as the former Liberal government, taxpayers would save between $6 billion and $7 billion this year alone",FALSE,80,90,85,85,,r040
3066238588,Editorial,2024-06-11,Hamilton Spectator,Premier ignores lessons of our past at our peril,health_care,,Doug Ford / Ford government,PC,-0.8,author (editorial board),,,Editorial criticizes cancellation of provincial wastewater COVID surveillance funding as repeating pre-SARS mistakes and betraying pandemic sacrifices,Cutting the Ontario wastewater surveillance network now is a betrayal of everyone who sacrificed in the fight against COVID-19.,FALSE,85,90,85,85,,r041
3123169792,Opinion,2024-11-01,Windsor Star,"Ford hopes dougi e dollars will keep taxpayers happy; Premier says inflation gave province sales-tax windfall, Brian Lilley writes",taxes,,Ford,PC,0.1,author (columnist Brian Lilley),,Stiles (NDP); Crombie (Liberal),"Author frames the rebate as savvy politics (""because he can""); notes health spending rose 34.2% under Ford, presenting the rebate as additional to social spending rather than instead of it.","You can call this crass electioneering, you can claim Ford is bribing taxpayers with their own money, but people like getting money.",TRUE,90,95,65,90,,r042
3123169792,Opinion,2024-11-01,Windsor Star,"Ford hopes dougi e dollars will keep taxpayers happy; Premier says inflation gave province sales-tax windfall, Brian Lilley writes",taxes;health_care;education,,Ford,PC,-0.5,NDP (Stiles),,Crombie (Liberal),"Stiles argues a one-time payment will not fix affordability, health care access, or housing/tent-city issues.","I think a lot of people are struggling right now, but a one-time payment right before an election isn't going to solve the affordability crisis for Ontarians.",TRUE,85,95,90,95,,r043
3123169792,Opinion,2024-11-01,Windsor Star,"Ford hopes dougi e dollars will keep taxpayers happy; Premier says inflation gave province sales-tax windfall, Brian Lilley writes",taxes,,Ford,PC,-0.6,Liberal (Crombie),,Stiles (NDP),"Crombie frames the rebate as a pre-election ""bribe"" using taxpayers' own money and contrasts it with the Liberals' proposed middle-income tax cut.",The premier is attempting to bribe Ontarians with their own money. This is taxpayers' money.,TRUE,90,95,90,95,,r044
3122610268,news/morning-digest,2024-10-31,Toronto Star,How Doug Ford is spending Ontario's tax money + hundreds of jobs cut at Manulife,taxes,,Ford,PC,-0.3,author (Star digest writer),,,"Brief digest item pairs the pre-election rebate spending with a forecast $6.6-billion deficit, implying fiscal criticism; very short text limits certainty.","The premier is spending a sizable chunk of the province's tax revenue on his $200 pre-election cheques, while still forecasting a $6.6 billion deficit.",TRUE,85,90,60,75,,r045
3087394329,Columnists,2024-08-01,Toronto Sun,GOLDBERG: Favouring unions for construction costing taxpayers dearly,municipal_powers;taxes,,Olivia Chow,Other,-0.7,author (columnist Goldberg),,Brad Bradford; Anthony Furey (mayoral by-election candidates who pledged reform),"Column blames Chow for not pursuing closed-tendering reform used elsewhere (e.g., Hamilton), linking inaction to record property-tax hikes.","There has been no indication from Chow, who won that by-election, that this common-sense reform is even on the table.",TRUE,85,95,85,90,,r046
3087394329,Columnists,2024-08-01,Toronto Sun,GOLDBERG: Favouring unions for construction costing taxpayers dearly,municipal_powers,,Ford / PC government,PC,0.6,author (columnist Goldberg),,,"Author credits 2019 Ford government legislation letting municipalities open construction tendering to competition, citing Hamilton's 21% savings as proof of success.","That all changed in 2019, when Premier Doug Ford's government passed legislation allowing municipalities to open up the construction contracting process to real competition.",TRUE,85,90,80,90,,r047
3166970371,Opinion,2025-02-15,Toronto Star,Ford shows rivals how to meet the moment:   Response to tariff threat is sloppy but reveals why Ontarians back him,tariffs_trade,,Ford,PC,0.4,author,,,"Article text is a short, apparently truncated teaser/lede comparing Ford's tariff-crisis response to Churchill; calls the response ""sloppy"" but frames it as the reason Ontarians support him.",Response to tariff threat is sloppy but reveals why Ontarians back him,TRUE,80,90,55,70,,r048
3118626167,Canada / World,2024-10-21,Hamilton Spectator,Critics say Ford keener on electioneering,electioneering;alcohol,taxes,Ford,PC,-0.5,opposition critics (unspecified/general),,,"Critics cite the Highway 401 tunnel idea and the accelerated $225-million corner-store alcohol deal as evidence Ford is focused on electioneering ahead of a possible early election, rather than governing.","Some of the premier's remarks and announcements over the past few months...are evidence that Ford is more focused on electioneering than governing, opposition critics say.",FALSE,75,90,75,60,,r049
3118626167,Canada / World,2024-10-21,Hamilton Spectator,Critics say Ford keener on electioneering,public_transit;municipal_powers,,Ford / PC government,PC,0.1,author (neutral news description),,Prabmeet Sarkaria (Transportation Minister),New bill would speed up Highway 413 construction/property acquisition and require municipalities to seek provincial permission before installing bike lanes that remove a vehicle lane -- flagged per instructions' bike-lane note.,the government is set to introduce a bill...require municipalities to ask the province for permission to install bike lanes when they would remove a lane of vehicle traffic.,TRUE,85,85,55,80,,r050
3165172368,Letters,2025-02-10,Toronto Sun,"Letters to the Editor, Feb. 10, 2025",taxes,,Federal Liberal Party,Liberal,-0.8,public (letter writer E. Simmons),"Published citizen letter expressing a longstanding negative view of Liberal governments (municipal, provincial, and federal) as tax-and-control oriented.",Justin Trudeau; Pierre Trudeau,"Letter centers on the federal Liberal leadership race but explicitly generalizes across ""municipal, provincial or federal"" Liberal governments; included for context though not specific to Ontario's provincial Liberals/Crombie.",Liberal governments only want power and control over the electorate.,TRUE,70,55,85,85,80,r051
3165172368,Letters,2025-02-10,Toronto Sun,"Letters to the Editor, Feb. 10, 2025",electioneering,,Ford,PC,-0.2,public (letter writer Ron Fawcett),"Published citizen letter arguing Ford wants to call an early Ontario election now, while the federal Conservatives are still ahead, before an opposite-federal-party voting pattern could favour Ontario's Liberals.",,Editor's bracketed reply engages directly with the letter's electoral-calculus argument (see companion author row).,"I think Doug Ford wants to win an election now because he knows that it is likely that the next federal election will be won by the Conservative Party, thus creating the possibility that...a Liberal win in Ontario might follow historic lines.",TRUE,70,90,65,85,80,r052
3165172368,Letters,2025-02-10,Toronto Sun,"Letters to the Editor, Feb. 10, 2025",electioneering,,Ford,PC,-0.2,author (editor's bracketed reply),,,"Editor calls the letter writer's electoral-timing theory ""a fair assessment,"" implicitly endorsing the skeptical read of Ford's motives, while noting federal Conservative polling is tightening.",That's a fair assessment of the political calculus which has been made.,TRUE,70,80,55,70,,r053
3092922518,politics/provincial,2024-08-13,Hamilton Spectator,"As RCMP investigates Greenbelt scandal, finance minister says Ford government is 'an open book'",housing;corruption_scandal,crime,Doug Ford,PC,-0.6,author/investigative reporting,Tories continue to lead in public opinion polls despite the ongoing scandal,Peter Bethlenfalvy (Finance Minister); Bonnie Lysyk (former Auditor General); J. David Wake (Integrity Commissioner); RCMP,Article synthesizes AG and Integrity Commissioner findings as apparent 'road maps' for the RCMP's criminal probe into the Greenbelt land swap; Ford previously apologized and reversed the land-swap decision.,"I'm very, very sorry. I made a promise to you that I wouldn't touch the Greenbelt. I broke that promise.",TRUE,85,95,80,80,65,r054
3092922518,politics/provincial,2024-08-13,Hamilton Spectator,"As RCMP investigates Greenbelt scandal, finance minister says Ford government is 'an open book'",corruption_scandal,crime,Peter Bethlenfalvy,PC,0.2,self,,Doug Ford,Bethlenfalvy defends government transparency amid RCMP interviews of current/former PC staffers as potential witnesses.,"We're an open book - as the premier said, 'Nothing to hide.' They've got to do their job.",TRUE,80,90,70,90,,r055
3109645855,politics/provincial,2024-09-25,Toronto Star,NDP hasn't ruled out bringing Sarah Jama back into the party for next election,party_politics,,Marit Stiles,NDP,0.0,author,,Sarah Jama; Peter Graefe (McMaster political scientist); Monique Taylor,Article examines the NDP's political calculus on whether to court Jama back ahead of the provincial election; Graefe notes a risk of vote-splitting if the NDP runs a candidate against her.,We'll discuss it when we get it.,TRUE,60,90,65,85,,r056
3109645855,politics/provincial,2024-09-25,Toronto Star,NDP hasn't ruled out bringing Sarah Jama back into the party for next election,party_politics,,Sarah Jama,Independent (former NDP),-0.5,Marit Stiles/NDP,,Marit Stiles,Jama was censured by the legislature over a statement on the Israel-Hamas war and has refused to apologize; sits as an Independent MPP.,"acting unilaterally too many times"" and ""undermining our work",TRUE,55,85,70,85,,r057
2955975663,News,2024-03-13,Globe and Mail,Ontario lawyers' group calls for meeting over Ford government's judicial appointments,judicial_appointments,crime,Doug Ford,PC,-0.5,legal community/advocacy group (Douglas Judson/FOLA),,Doug Downey (Attorney-General); Douglas Judson (FOLA chair); comparison to Kathleen Wynne-era Liberal government,Globe analysis found 71% of PC-appointed judges since 2018 are former prosecutors vs. 48% under the previous Liberal government; defence bar raises fairness concerns.,"it is his right to appoint ""like-minded"" judges who will be ""tough"" on crime",TRUE,70,90,75,75,,r058
2955975663,News,2024-03-13,Globe and Mail,Ontario lawyers' group calls for meeting over Ford government's judicial appointments,judicial_appointments,crime,Doug Downey,PC,-0.3,author,,Doug Ford; Douglas Judson,Downey dismisses concerns about the prevalence of prosecutor-background appointments.,I just don't think it's relevant.,TRUE,70,90,70,80,,r059
3138953955,news/canada,2024-12-03,Toronto Star,Opposition MPPs call on Ford government to launch emergency committee on problems in child welfare,child_welfare,health_care,Ford government,PC,-0.7,NDP (Monique Taylor),Families report years-long wait lists and inability to access specialized care for high-needs children; child welfare leaders report a rising volume of crisis calls from families.,"Michael Parsa (Minister of Children, Community and Social Services); Irwin Elman (former child/youth advocate)",NDP motion for an emergency committee on child welfare was defeated 6-3 by the PC majority on the standing committee on social policy.,We have seen staggering numbers of children and families who are falling through the cracks,TRUE,85,80,85,90,60,r060
3138953955,news/canada,2024-12-03,Toronto Star,Opposition MPPs call on Ford government to launch emergency committee on problems in child welfare,child_welfare,health_care,Michael Parsa,PC,0.4,self,,Monique Taylor,Parsa cites a $76.3-million funding boost to children's aid societies and $14 million more to child protection as evidence of government action.,There's nothing more important than making sure the future generation is supported so that they continue to succeed and thrive wherever they are in the province.,TRUE,85,80,75,90,,r061
3138953955,news/canada,2024-12-03,Toronto Star,Opposition MPPs call on Ford government to launch emergency committee on problems in child welfare,child_welfare,health_care,Ford government,PC,-0.6,child welfare advocate (Irwin Elman),,Monique Taylor; Michael Parsa,Elman says families remain in an 'unprecedented crisis' despite government investments and calls for provincial parties to build a new child wellbeing system.,unprecedented crisis,TRUE,80,75,70,80,,r062
2922392425,Opinion,2024-02-06,Toronto Star,I was wrong about Chow,municipal_powers;public_transit;housing,,Ford government,PC,0.5,author,,Olivia Chow; Yvan Baker (federal Liberal MP); Chrystia Freeland,"Ford government struck a 'New Deal for Toronto' taking over Gardiner/DVP funding responsibility, freeing up billions for housing/transit; Chow's only concession was dropping opposition to Ontario Place redevelopment.",Late last year she managed to strike a historic deal with the Ford government that will free up billions in capital funding for the city by having the province take over financial responsibility for the Gardiner Expressway and Don Valley Parkway.,FALSE,75,80,70,85,,r063
2922392425,Opinion,2024-02-06,Toronto Star,I was wrong about Chow,municipal_powers,,Olivia Chow,Municipal/non-partisan,0.9,author,,Doug Ford; Yvan Baker,Column is the author's mea culpa for having underestimated Chow's negotiating skill with both provincial and federal governments.,It was a master class in talking nice while acting tough, in playing it smart and getting results.,FALSE,70,90,90,90,r064
3162207381,opinion/star-columnists,2025-02-01,Toronto Star,Why Doug Ford's early election call could give voters in Toronto something to cheer about,tariffs_trade,,Doug Ford,PC,0.5,author,"Ford's PC party leading in polls by 20+ points amid the tariff standoff, coinciding with $200 rebate cheques being mailed to households",Donald Trump,"Author frames Ford's early election call as strategically timed around the tariff crisis, his poll lead, and the rebate cheques, and ahead of any Greenbelt investigation findings.",Ford is putting on a widely applauded performance as Captain Canada in this sequel edition of the Trump Follies.,FALSE,85,90,70,85,75,r065
3162207381,opinion/star-columnists,2025-02-01,Toronto Star,Why Doug Ford's early election call could give voters in Toronto something to cheer about,housing;health_care;public_transit,,Doug Ford,PC,-0.4,author,,,"Author says transit, housing, and health care were Ford's own top-stated priorities but have seen 'little in the way of measurable results' despite significant spending.","Building transit, building housing and fixing health care may be the three highest priorities Ford set for himself, and they are three areas where a lot of talk (and lots of dollars) have led to little in the way of measurable results.",FALSE,80,90,75,85,,r066
3162207381,opinion/star-columnists,2025-02-01,Toronto Star,Why Doug Ford's early election call could give voters in Toronto something to cheer about,crime,civil_liberties/encampments,Doug Ford,PC,-0.5,author,,,"References the province's encampment-clearing law as 'potentially Charter of Rights defying,' not yet passed as of the article's writing.",the controversial (and potentially Charter of Rights defying) encampment-clearing law has not yet been passed,FALSE,55,85,70,80,,r067
3162207381,opinion/star-columnists,2025-02-01,Toronto Star,Why Doug Ford's early election call could give voters in Toronto something to cheer about,public_transit,,Doug Ford,PC,-0.4,author,,,"Note: explicitly about bike lanes - the province plans to remove Toronto bike lanes, framed as damage some Torontonians hope a new government would reverse.",bike lanes the province plans to rip out are still there on the street today,FALSE,90,90,65,80,,r068
3162207381,opinion/star-columnists,2025-02-01,Toronto Star,Why Doug Ford's early election call could give voters in Toronto something to cheer about,municipal_powers,,Doug Ford,PC,-0.5,author,,Toronto city hall,"Criticizes 'endless, impulsive meddling' in Toronto city hall and 'ridiculous talk of tunnelling under the 401'; also cites Ontario Science Centre closure and Ontario Place tree removal. Article also acknowledges 'beneficial things Ford is delivering to the city, from transit funding to the new deal for Toronto talks' as a counterpoint voters may weigh.","Perhaps Toronto city hall could be spared more of the endless, impulsive meddling that has seen the government and its finances reshaped on the premier's whims.",FALSE,80,85,70,80,,r069
3042453370,opinion/contributors,2024-04-21,Hamilton Spectator,The troubling connection between children's social media use and sleep deprivation,education; mental_health,mental_health->health_care,Ford,PC,-0.2,author,,federal government (committed funding for youth mental health); Ontario school boards (suing social media companies),"Ford's stance mentioned only briefly; article's main focus is a survey on youth social media/sleep, but frames Ford's position as insufficient given the 'critical' situation.",Ontario Premier Doug Ford says resources should be focused on the kids who are in those classrooms,false,70,90,55,80,,r070
3080953426,Canada / World,2024-07-16,Hamilton Spectator,"Province speeds up alcohol expansion:   'Our government is keeping our promise to give people in Ontario choice,' finance minister says",alcohol,alcohol->taxes/economy,Bethlenfalvy (Finance Minister) / Ford government,PC,0.6,"government spokesperson (self-defence, Bethlenfalvy)",,OPSEU president JP Hornick; LCBO staff,Story set amid an OPSEU/LCBO strike over expanded ready-to-drink cocktail sales.,Our government is keeping our promise to give people in Ontario choice and convenience while supporting Ontario-made beverage producers,true,75,90,80,90,,r071
3080953426,Canada / World,2024-07-16,Hamilton Spectator,"Province speeds up alcohol expansion:   'Our government is keeping our promise to give people in Ontario choice,' finance minister says",alcohol,alcohol->taxes/economy,Ford government,PC,-0.7,union (OPSEU president JP Hornick),,Bethlenfalvy,Union frames the accelerated rollout as undercutting LCBO/bargaining and rewarding corporate donors.,Ford is clearly trying to deliver on a promise he made to prospective corporate donors from the convenience and grocery industries during the elections. Doug Ford should stop playing politics with the lives of our members and taxpayers' money.,true,75,90,85,90,,r072
3071629817,Letters,2024-06-24,Toronto Sun,"Letters to the Editor, June 24, 2024",municipal_powers,,Olivia Chow (Toronto mayor),,-0.6,"public (letter writer, published citizen letter)","Citizen letter criticizes Chow's spending priorities (Dundas Square renaming) while the city seeks provincial/federal financial help, citing Toronto's poor finances.",,"Only one of several letters in this roundup touches provincial-municipal funding themes; other letters (federal MP scandal, waterfront traffic) are not thematically tied to the Ontario election and were not extracted as rows.","This is obviously a lie because Toronto must be awash in cash if she can afford to spend hundreds of thousands of taxpayers dollars on this stupid, erroneous socialist whim.",true,55,85,80,90,80,r073
3097482682,opinion/letters-to-the-editor,2024-08-27,Toronto Star,I've changed my mind on supervised consumption sites. The Ford government should too,health_care,supervised consumption -> health_care,Ford government,PC,-0.7,"public (letter writer, published citizen letter)",Citizen letter urges the Ford government to reverse its position on supervised consumption/safe injection sites.,,"Letter writer explicitly reverses his own prior stance, lending weight to his criticism of the government's position.",I strongly suggest that Premier Doug Ford do the same and find the courage to admit that he's wrong.,true,85,90,85,90,85,r074
3164229320,Editorial,2025-02-07,Hamilton Spectator,Next premier must protect Greenbelt,environment_greenbelt; housing,environment_greenbelt->housing,Ontario party leaders and candidates (all),,0.0,author (editorial board),Polls show consistently that more than eight out of 10 Ontarians want the Greenbelt protected.,,Editorial does not single out any one leader by name in the excerpted text; addressed generally to all candidates ahead of the Feb. 27 election.,Polls show consistently that more than eight out of 10 residents want it protected.,false,70,50,40,85,85,r075
3157719754,Toronto & GTA,2025-01-21,Toronto Sun,"WARMINGTON: Thank bourbon, Doug Ford and Danielle Smith for tariff reprieve",tariffs_trade,,Ford,PC,0.7,author (columnist),,"Danielle Smith, Trudeau, Domenic LeBlanc, Kevin O'Leary, Jamil Jivani",Column credits Ford's threat to pull U.S. alcohol from LCBO shelves as a successful tariff-deterrence strategy.,I've sent a direction to the LCBO that if these tariffs come to clear off every bit of U.S. alcohol off the shelves,true,90,95,80,85,,r076
3157719754,Toronto & GTA,2025-01-21,Toronto Sun,"WARMINGTON: Thank bourbon, Doug Ford and Danielle Smith for tariff reprieve",tariffs_trade,,"Justin Trudeau, Danielle Smith (federal PM and Alberta premier)",,0.6,author (columnist),,"Ford, Finance Minister Domenic LeBlanc",Non-Ontario leaders combined into one row since neither is an Ontario party leader and both receive similarly positive credit from the author.,Credit also needs to go to Prime Minister Justin Trudeau and his team of Finance Minister Domenic LeBlanc and other cabinet ministers,false,90,80,70,85,,r077
3157719754,Toronto & GTA,2025-01-21,Toronto Sun,"WARMINGTON: Thank bourbon, Doug Ford and Danielle Smith for tariff reprieve",tariffs_trade,,Ford,PC,-0.4,"public (Twitter/X user, embedded tweet)",Embedded tweet from a member of the public questioning why Ford kept up tariff rhetoric after Trump paused tariff plans.,,,Why is Ford continuing with his rhetoric?,true,85,90,70,85,80,r078
3116427910,news/gta,2024-10-13,Toronto Star,Community demands action after shots fired at Jewish girls school in North York,crime; hate_crimes,hate_crimes->crime,Ford,PC,0.3,"author (reporter, direct quotes)",,"Trudeau, Olivia Chow, Ya'ara Saks, school/community leaders",Ford's comments were part of near-uniform political condemnation of the shooting; no explicit provincial-election framing.,"""these people need to be caught"" and ""thrown in jail.""",true,85,90,55,85,,r079
3116427910,news/gta,2024-10-13,Toronto Star,Community demands action after shots fired at Jewish girls school in North York,crime; hate_crimes,hate_crimes->crime,"Trudeau, Olivia Chow, Ya'ara Saks (other political leaders)",,0.3,"author (reporter, direct quotes)",,Ford,Combined non-Ontario-party-leader actors who all issued similarly worded condemnations.,very disturbed ... antisemitism is a disgusting and dangerous form of hate - and we won't let it stand,true,80,75,60,80,,r080
3072502056,FP Windsor,2024-06-26,Windsor Star,"Hitting Chinese EVs with new tariffs could result in economic retaliation; Freeland calls out 'unfair'trade policies, but some are urging caution for Canada",tariffs_trade,,Ford,PC,0.3,"author (reporter, paraphrase)",,"Chrystia Freeland, David Adams (Global Automakers of Canada)",Ford portrayed as leading provincial push for federal EV tariffs to protect Ontario's battery/auto manufacturing investment.,Ontario Premier Doug Ford has led a chorus of voices urging the federal government to also enact tariffs on Chinese-made EVs,false,90,90,55,80,,r081
3072502056,FP Windsor,2024-06-26,Windsor Star,"Hitting Chinese EVs with new tariffs could result in economic retaliation; Freeland calls out 'unfair'trade policies, but some are urging caution for Canada",tariffs_trade,,Vic Fedeli (Ontario Minister of Economic Development),PC,0.2,"author (reporter, direct quote)",,"Ford, Chrystia Freeland, David Adams",Fedeli supports mirroring U.S. tariffs but also cautions the federal government about Chinese retaliation risk.,We need to mirror the U.S. approach on tariffs because we have to be aligned.,true,90,90,55,85,,r082
3056062790,Canada,2024-05-17,National Post,Hiding from Ontario's nursing shortage won't save Doug Ford,health_care,,Ford government,PC,-0.8,"author (columnist, Randall Denley)",,"College of Nurses of Ontario, Ontario College of Family Physicians",Opinion piece arguing the Ford government has concealed the true scale of Ontario's health-worker shortage and lacks a real hiring plan.,That's something the Doug Ford government has consistently failed to do.,false,95,95,90,90,,r083
3056062790,Canada,2024-05-17,National Post,Hiding from Ontario's nursing shortage won't save Doug Ford,health_care,,Ford government,PC,-0.5,Financial Accountability Office (independent legislative watchdog),,,FAO's own study cited as independent evidence that hospital and long-term-care capacity will fall short of demand.,"Relative to projected growth in demand, by 2027-28, Ontario will have less hospital capacity, similar home-care capacity and less long-term care capacity compared to what it had in 2019-20.",true,90,90,75,85,,r084
3123785939,news/gta,2024-11-04,Toronto Star,Don Valley West voters head to the polls today in unusually contentious council race,municipal_powers; education,,Anthony Furey,,-0.8,"critics (Kathleen Wynne, Progress Toronto)",,Rachel Chernos Lin,Wynne (former Ontario Liberal premier) and Progress Toronto (advocacy group) combined as ascribers given very similar negative characterizations; neither is a current Ontario party leader.,bigoted views against Muslims and gay people,true,60,85,80,75,,r085
3123785939,news/gta,2024-11-04,Toronto Star,Don Valley West voters head to the polls today in unusually contentious council race,crime; public_transit (bike lanes); taxes,,Anthony Furey,,0.1,"author (reporter, paraphrase)",,"Stephen Lecce, Tim Hudak (Ontario PC figures who campaigned for him)","Furey's platform (remove bike lanes, crackdown on crime, oppose tax hikes) echoes provincial PC/Ford-government positions debated during the 2025 election, notably bike-lane removal.","He presented himself as a ""common sense"" conservative, vowing to fight worsening traffic, tamp down on crime, oppose tax increases, and remove bike lanes in the ward.",false,70,85,50,80,,r086
3123785939,news/gta,2024-11-04,Toronto Star,Don Valley West voters head to the polls today in unusually contentious council race,municipal_powers; education,,Rachel Chernos Lin,,0.4,"author (reporter, paraphrase)",,Anthony Furey,"Chernos Lin is TDSB chair (education-adjacent); portrayed as the experienced, process-oriented candidate.","Chernos Lin pitched herself as the most experienced candidate, and vowed to ease gridlock, institute traffic calming in local neighbourhoods and give residents a greater say in the development process.",false,65,80,55,75,,r087
3167578275,News,2025-02-17,Toronto Star,Stage set for the main debate:   Four party leaders ready for 90 minutes of televised verbal jousting,campaign_conduct,"new topic, no clear existing-list match",Ford,PC,-0.6,Bonnie Crombie (Liberal Leader),,"Marit Stiles, Mike Schreiner","Exchange occurred at the earlier North Bay northern-issues debate, previewing the main Feb. 17 debate.",lies,true,60,95,80,95,,r088
3167578275,News,2025-02-17,Toronto Star,Stage set for the main debate:   Four party leaders ready for 90 minutes of televised verbal jousting,campaign_conduct,"new topic, no clear existing-list match",Bonnie Crombie,Liberal,-0.5,Ford,,"Marit Stiles, Mike Schreiner","Ford dismissed Crombie's attempt to distance herself from past Liberal premiers' (McGuinty, Wynne) records as ""a joke.""",a joke,true,60,95,75,90,,r089
3167578275,News,2025-02-17,Toronto Star,Stage set for the main debate:   Four party leaders ready for 90 minutes of televised verbal jousting,,,Ford,PC,0.6,"author (reporter, reporting poll standing)","Article notes Ford/PC enjoy a big lead in public opinion polls heading into the debate, which the other three leaders are looking to close.","Marit Stiles, Bonnie Crombie, Mike Schreiner",Stiles and Schreiner are noted as planning to target Ford but no explicit sentiment quotes from them appear in this article.,"With Ford, whose Progressive Conservatives have been in office since 2018, enjoying a big lead in public opinion polls, Stiles, Crombie and Schreiner will have their sights set on him.",false,50,95,85,85,85,r090
3156204089,politics/provincial,2025-01-15,Hamilton Spectator,Secondary teachers' union slams funding with 'Ford High' ad campaign,education,,Doug Ford / provincial government,PC,-0.8,Teachers' unions (OSSTF; Ontario's Catholic teachers),,Karen Littlewood (OSSTF president); Ontario Public School Boards' Association,"Union's ""Ford High"" ad campaign portrays the education system as ""at a breaking point"" due to underfunding; Catholic teachers separately launched a related campaign (knowmore.ca) with a similar message.","Our schools are falling apart, our teachers and education workers are burning out, and students are being left behind.",TRUE,95,90,90,90,,r091
3156204089,politics/provincial,2025-01-15,Hamilton Spectator,Secondary teachers' union slams funding with 'Ford High' ad campaign,education,,Doug Ford / provincial government,PC,-0.5,Ontario Public School Boards' Association (OPSBA),,Karen Littlewood; OSSTF,"OPSBA estimates that, adjusted for inflation, the province is spending $776 less per student this year despite a nominal $745-million funding increase, framed as evidence funding has not kept pace with costs.",the province is actually spending $776 less per student this year (adjusted for inflation),FALSE,90,85,75,85,,r092
3053449546,News,2024-05-11,Toronto Star,Ontario appeals decision to strike down parts of bill:   Law made it illegal to work undercover on animal farms,agriculture_trespass_law,crime,Ontario government (Doug Ford's government),PC,0.1,Author / neutral news reporting,,Justice Markus Koehnen; Animal Justice; Camille Labchuk,Government is appealing a court ruling that struck down parts of Bill 156 (Security from Trespass and Protecting Food Safety Act) as unconstitutional; article is largely neutral factual reporting of the legal dispute.,the point of the act was to protect farmers and their animals, strengthen biosecurity and prevent economic harm,FALSE,70,90,55,80,r093
3053449546,News,2024-05-11,Toronto Star,Ontario appeals decision to strike down parts of bill:   Law made it illegal to work undercover on animal farms,agriculture_trespass_law,crime,Ontario government (Doug Ford's government),PC,-0.7,Animal Justice (Camille Labchuk),,Justice Koehnen,"Animal Justice frames the government's appeal as an attempt to preserve a ""secretive"" industry practice and undermine public transparency/accountability for animal cruelty.","Undercover investigations are one of the only tools we have to hold farms and slaughterhouses to account for unlawful cruelty to animals, and to bring public transparency to a troubling, secretive sector.",TRUE,70,90,88,92,,r094
3053449546,News,2024-05-11,Toronto Star,Ontario appeals decision to strike down parts of bill:   Law made it illegal to work undercover on animal farms,agriculture_trespass_law,crime,Justice Markus Koehnen (lower court ruling),N/A,-0.5,Ontario government (in its notice of appeal),,Animal Justice,"Province argues the judge made a ""palpable and overriding error of fact"" in his ruling striking down parts of the law.",The Superior Court made a palpable and overriding error of fact in concluding that reducing or eliminating undercover 'exposés' was a purpose of the legislation.,TRUE,60,80,80,85,,r095
3126483284,news/gta,2024-11-10,Toronto Star,'The person using that bike lane could be your doctor': Hundreds rally to protest Ford government's plan to remove bike lanes,public_transit (bike lanes),,Ford government / Bill 212,PC,-0.8,Protesters/cyclists at the rally (public),TRUE - hundreds of cyclists rallied at Christie Pits Park and rode along Bloor Street to protest Bill 212 and the planned removal of bike lanes,Premier Doug Ford; Transportation Minister Prabmeet Sarkaria; James Macfarlane; Rahul Sharma; Eva Stanger-Ross; Zev Godfrey,"Bill 212 would require municipal approval for new bike lanes that remove a vehicle lane and could force removal of existing lanes on Bloor, University and Yonge; protesters framed removal as a safety and access issue.","The person using that bike lane could be your doctor, your personal support worker, or your DoorDash delivery person.",TRUE,97,92,88,85,92,r096
3126483284,news/gta,2024-11-10,Toronto Star,'The person using that bike lane could be your doctor': Hundreds rally to protest Ford government's plan to remove bike lanes,public_transit (bike lanes),,Ford government / Transportation Minister Sarkaria,PC,-0.9,"NDP MPP Jessica Bell, relaying an open letter from Karen Orme","TRUE - published open letter from a cyclist's mother, read publicly at the rally",Alex Amaro (deceased cyclist); Karen Orme,Emotional moment at the rally; the letter argues the government's stated rationale (giving people more time with family) rings hollow given a cycling death.,"Minister Sarkaria, you say that this ... legislation is about giving people more time with their families. Our family would give anything to have more time with Alex.",TRUE,95,85,90,80,85,r097
3126483284,news/gta,2024-11-10,Toronto Star,'The person using that bike lane could be your doctor': Hundreds rally to protest Ford government's plan to remove bike lanes,public_transit (bike lanes),,cyclists/bike lane advocates,N/A,-0.5,an unnamed frustrated driver at the protest,TRUE - spontaneous public reaction of a motorist inconvenienced by the protest,,Shows a dissenting driver's perspective amid the otherwise pro-bike-lane rally coverage.,Hurry up. People have places to go!,TRUE,80,60,65,70,70,r098
3042413714,Opinion,2024-04-20,Sault Star,Ford reversals remind us our voices have power,domestic_violence_policy,crime,Doug Ford,PC,0.3,Author (opinion columnist),,NDP (motion sponsor, unnamed),"Backhanded-compliment framing: praises Ford's willingness to ""backtrack"" under sustained public pressure, citing his Conservatives' reversal to support an NDP motion declaring intimate partner violence an epidemic, after months of resistance.",Something Premier Doug Ford probably doesn't get enough credit for: He knows how to backtrack.,TRUE,65,90,70,90,r099
3075419713,news/gta,2024-07-02,Toronto Star,Pro-Palestinian protesters have until 6 p.m. Wednesday to leave U of T encampment. Here's what happens next,campus_protests,crime,pro-Palestinian encampment protesters at U of T,N/A,-0.4,Premier Doug Ford,TRUE (weak) - Ford says he received messages of concern from parents about the protests,Toronto Police; University of Toronto,"Ford's comment is brief and secondary to the main story about the legal injunction process for clearing the encampment; comparisons drawn to encampment clearings in Montreal, Edmonton and at York University.",people are fed up,TRUE,55,75,60,80,45,r100
3148768463,News,2024-12-24,Toronto Star,Province looks to top court on climate challenge:   Group argues lower emissions target violates Charter,climate_policy,,Ontario government (Ford's government),PC,-0.6,Fraser Thomson (Ecojustice lawyer representing youth plaintiffs),,seven youth plaintiffs,Case centers on Ontario's 2018 repeal of its cap-and-trade law and replacement of the emissions target (37% below 1990 levels by 2030) with a weaker target (30% below 2005 levels); Ontario is asking the Supreme Court to hear the case.,The climate crisis isn't going away, and neither are we.,TRUE,90,90,75,88,r101
3081756667,politics/provincial,2024-07-17,Toronto Star,Doug Ford optimistic as contract talks resume in LCBO strike,labour_relations (LCBO strike),,Doug Ford,PC,0.6,Doug Ford (self),,Colleen MacLeod; JP Hornick; OPSEU,"Ford portrays himself as optimistic and constructive, emphasizing an offered wage increase and benefits package, ahead of resumed LCBO/OPSEU negotiations.","I've talked to hundreds and hundreds of frontline workers, they just want to get back to work. The people of Ontario want to work, LCBO wants to work.",TRUE,90,95,85,90,,r102
3081756667,politics/provincial,2024-07-17,Toronto Star,Doug Ford optimistic as contract talks resume in LCBO strike,labour_relations (LCBO strike);alcohol_policy,,Ford government (LCBO strike handling / alcohol liberalization plan),PC,-0.7,OPSEU union leadership (Colleen MacLeod; JP Hornick),,Doug Ford,"Union blames Ford directly for provoking/prolonging the strike through his alcohol-liberalization ""interference,"" while stating it won't back down from core demands (protecting jobs and public revenues).","today is about the concrete gains that must be achieved at the bargaining table, directly with this employer, to end the strike that Ford forced by interfering.",TRUE,88,88,85,90,,r103
3081756667,politics/provincial,2024-07-17,Toronto Star,Doug Ford optimistic as contract talks resume in LCBO strike,labour_relations (LCBO strike),,OPSEU/LCBO striking workers,N/A,0.6,Doug Ford,,Colleen MacLeod,"Ford praises frontline strikers personally even while negotiating against their union, calling them ""so polite"" and saying their stories ""hit you in the heart.""",so polite,TRUE,80,80,75,85,,r104
3081756667,politics/provincial,2024-07-17,Toronto Star,Doug Ford optimistic as contract talks resume in LCBO strike,alcohol_policy;election_polling,,Doug Ford / PC government,PC,0.5,the public (via Campaign Research and Abacus Data polling),"TRUE - polling shows majority support for the alcohol liberalization policy and a comfortable PC lead over the Liberals, NDP and Greens",Bonnie Crombie; Marit Stiles; Mike Schreiner,"Internal PC polling (Campaign Research, n=1,995) found 57% support for Ford's alcohol sales expansion and only 32% opposed OPSEU's strike decision; a separate Abacus Data tracking poll for the Star showed the PCs comfortably ahead in party standings (41% vs. Liberals 25%, NDP 22%, Greens 8%).",Ford's Tories were at 41 per cent to 26 per cent for Bonnie Crombie's Liberals, 18 per cent for Marit Stiles's New Democrats and 10 per cent for Mike Schreiner's Greens,FALSE,78,82,72,78,r105
3123271354,Canada,2024-11-01,National Post,Ford demands TMU's new med school educate qualified students 'regardless of their race',post_secondary;health_care,equity_admissions (new; merges into post_secondary/health_care),Doug Ford / Ford government,PC,0.3,author,,TMU; Dr. Dominick Shelton; Dr. Harry Rakowski; Grace Lee,"Article reports Ford's office demanding TMU prioritize qualified students ""regardless of race,"" amid controversy over equity-based admissions at the new Brampton medical school.","medical schools must ensure that qualified individuals fill these seats, regardless of their race or background.",TRUE,75,90,55,70,,r106
3123271354,Canada,2024-11-01,National Post,Ford demands TMU's new med school educate qualified students 'regardless of their race',post_secondary;health_care,equity_admissions,TMU / Dr. Dominick Shelton (dean of admissions),Other/Non-partisan,0.5,"TMU (Shelton, self-ascribed)",,Ford; Grace Lee; Rakowski,Shelton defends equity-based admissions program as addressing historic under-representation of Black and other groups in medicine.,There are many groups in medicine that traditionally have been under-represented... that is an important part of why we (created) all these pathways in order to bridge that gap.,TRUE,80,85,70,80,,r107
3123271354,Canada,2024-11-01,National Post,Ford demands TMU's new med school educate qualified students 'regardless of their race',post_secondary;health_care,equity_admissions,TMU equity admissions policy,Other/Non-partisan,-0.5,"Dr. Harry Rakowski (Toronto cardiologist, critic)",,Ford; Shelton; TMU,"Rakowski criticizes lowered academic requirements, warns of under-trained doctors.",there's a breed of doctors who are under-trained because they're not pushed hard enough. This accelerates that concern.,TRUE,78,88,80,85,,r108
2918434299,Canada,2024-01-25,Sudbury Star,Student cap will hit schools'finances hard,immigration;post_secondary,,Marc Miller / federal government (international student cap policy),Federal Liberal (Other),0.0,author,,provinces; Ontario government,"Federal cap on international student visas (360,000/year, 35% reduction) will disproportionately hit Ontario schools reliant on international tuition revenue.","his department will issue no more than 360,000 new visas this year, 35 per cent lower than last year",FALSE,80,85,60,65,,r109
2918434299,Canada,2024-01-25,Sudbury Star,Student cap will hit schools'finances hard,post_secondary,,Ontario universities/colleges (financial reliance on international students),Other/Non-partisan,-0.5,Bonnie Lysyk (Ontario Auditor General),,Algoma University; Laurentian University,"Lysyk's audits found some schools (e.g., Algoma's Brampton campus, Laurentian) dangerously reliant on international student revenue.",A high reliance on international student enrolment by universities poses risks outside of the Ministry's and the universities' control.,TRUE,85,82,78,85,,r110
2918434299,Canada,2024-01-25,Sudbury Star,Student cap will hit schools'finances hard,post_secondary,,Ontario provincial government (funding / tuition freeze),PC,-0.4,Steve Orsini (Council of Ontario Universities),,Jill Dunlop,"Orsini says universities face growing deficits from a tuition freeze plus no new provincial funding, worsened by the student cap; calls for more time to adapt.","Before (Monday's) announcement, there were at least 10 universities facing sizable operating deficits, totalling $175 million this year and growing to $273 million next year.",TRUE,82,75,72,80,,r111
2918434299,Canada,2024-01-25,Sudbury Star,Student cap will hit schools'finances hard,immigration;post_secondary,,international student program (structural critique),Other/Non-partisan,-0.3,"Mikal Skuterud (economics professor, University of Waterloo)",,Marc Miller,Skuterud says the program became a de facto low-wage labour channel rather than serving its intended purpose; urges data-driven provincial allocation decisions.,"The student program is not about plugging holes in low skilled labour markets, but that's kind of what it's become in a lot of ways.",TRUE,75,80,70,78,,r112
3037733622,Comment,2024-04-12,Toronto Sun,All about booze,alcohol,taxes/consumer_policy,Doug Ford,PC,-0.5,"public (published reader letter, Peter Wilson, North York)","Published citizen letter criticizing Ford's LCBO free-paper-bag initiative as misplaced priorities, favouring alcohol convenience over food affordability for struggling Ontarians.",grocers/LCBO,"Letter responds to a prior Toronto Sun column (""Folding on paper""); sarcastic tone throughout.",Isn't food more important to struggling Ontarians than alcohol? Not in Ford's opinion. It's all about alcohol. It's a family value!,TRUE,70,90,85,88,85,r113
3099097581,NP Comment,2024-08-30,National Post,Derek Finkle: Harm reductionists struggle to accept that they're losing Ontario,health_care,crime,Doug Ford government (injection site closures),PC,0.3,author,,CUPE; Zoe Dodd,"Author frames the closure of 10 supervised injection sites near schools favourably, casting harm reduction activists as being in denial/anger over losing influence.",harm reduction activists had moved on from denial and were well into the second Kubler-Ross stage of accepting the dire news - anger.,FALSE,80,75,55,70,,r114
3099097581,NP Comment,2024-08-30,National Post,Derek Finkle: Harm reductionists struggle to accept that they're losing Ontario,health_care;crime,,Zoe Dodd / CUPE harm reduction activists,Other/Non-partisan,-0.6,author,CUPE organized a press conference to publicly express anger over the site closures.,parents; business owners; Ford government,"Article recounts Dodd's earlier controversial ""spray them all"" remark and her dismissive response to safety concerns; references a nearby fatal shooting linked to the injection site.","We need to talk about, what is safety? Is safety a feeling?",TRUE,82,85,85,80,70,r115
2933366680,opinion/star-columnists,2024-03-01,Toronto Star,Doug Ford's pursuit of 'like-minded judges' risks taking us down the same disastrous path as the U.S.,judicial_appointments,crime,Doug Ford,PC,-0.8,author,,,"Column (excerpt) criticizes Ford for stacking the provincial judicial appointments committee with political allies to secure ""like-minded judges,"" comparing this to U.S. politicization of the courts.","Doug Ford has doubled down. And then he said he was ""tripling down."" ""Quadrupling down,"" now, even.",TRUE,65,90,88,85,,r116
3108476043,News,2024-09-24,Globe and Mail,Why Doug Ford won his by-elections and Justin Trudeau lost his,public_transit;municipal_powers;housing,,Doug Ford / Ontario PCs,PC,0.1,author,,Justin Trudeau; Pierre Poilievre,"Author credits Ford's political success (winning the by-election, remaining popular) to catering to suburban, car-commuting voters via policies like Highway 413, corner-store alcohol sales, and a proposed ban on municipal bike lanes restricting car traffic. Bike lane note: article specifically cites a CBC report that the Ford government was considering legislation banning municipalities from installing bike lanes that restrict car traffic flow. [crosscheck: revised per Opus review]","Mr. Ford caters to the wishes of his suburban, middle-class, car-commuting voting base, ignoring the experts. It has earned him two majority governments.",FALSE,75,90,60,75,,r117
3108476043,News,2024-09-24,Globe and Mail,Why Doug Ford won his by-elections and Justin Trudeau lost his,housing;immigration;taxes,,Justin Trudeau / federal Liberals,Federal Liberal (Other),-0.5,author,"Cites CBC poll tracker showing federal Liberals trailing Conservatives by 19 points in Ontario, attributed to suburban voter frustration over the carbon tax, housing costs, inflation, interest rates, and immigration.",Pierre Poilievre; Doug Ford,"Poilievre is described as poised to win a majority government with suburban Ontario support, per the article's framing.","his party now trails the Conservatives by a whopping 19 points in the province, according to the CBC poll tracker.",FALSE,65,85,75,75,80,r118
3132154588,Columnists,2024-11-22,Toronto Sun,OPINION: Ford's and Trudeau's one-time tax rebates are a cash transfer from the young to the old,taxes,,Doug Ford / Ontario government (one-time tax rebate),PC,-0.5,"authors (Ben Eisen and Jake Fuss, Fraser Institute economists)",,Justin Trudeau,"Opinion column argues Ford's (and Trudeau's) debt-financed one-time tax rebates amount to a ""cash transfer from the young to the old,"" criticizing deficit financing of populist gimmicks.",accumulating debt without adequate consideration of the burden being placed on future generations is nothing new for either Ford or Trudeau.,FALSE,88,90,82,85,,r119
3132154588,Columnists,2024-11-22,Toronto Sun,OPINION: Ford's and Trudeau's one-time tax rebates are a cash transfer from the young to the old,taxes,,Justin Trudeau / federal government (one-time tax rebate),Federal Liberal (Other),-0.5,"authors (Ben Eisen and Jake Fuss, Fraser Institute economists)",,Doug Ford,"Federal $250 rebate to Canadians earning under $150k criticized alongside Ontario's $200 rebate as fiscally irresponsible, debt-financed gimmicks.","The Trudeau government is planning to send an additional $250 to all Canadian adults earning less than $150,000.",FALSE,85,88,80,85,,r120
